dataset;column;timeseries;coltype;timeseries_agg
empfaenger;birthdate;False;feature;
empfaenger;bloodgroup;False;feature;
empfaenger;bloodtransfusion_after_reg;False;feature;
empfaenger;bloodtransfusion_before_reg;False;feature;
empfaenger;children;False;feature;
empfaenger;death_cause;False;followup;
empfaenger;death_date;False;followup;
empfaenger;height_cm;False;feature;
empfaenger;nationality;False;feature;
empfaenger;origin_country;False;feature;
empfaenger;pregnancies;False;feature;
empfaenger;rhesus;False;feature;
empfaenger;sex;False;feature;
empfaenger;weight_kg;False;feature;
empfaenger_dringlichkeit;date;True;feature;range
empfaenger_dringlichkeit;reason;True;metadata;keep
empfaenger_dringlichkeit;waiting_state;True;feature;count
empfaenger_immunologie_acceptable_test;acceptable_test_antigens_acceptable;False;feature;
empfaenger_immunologie_acceptable_test;acceptable_test_enter_date;False;metadata;
empfaenger_immunologie_acceptable_test;acceptable_test_sampling_date;False;metadata;
empfaenger_immunologie_antibody_screening__dtt_crossmatch_nan;antibody_screening__dtt_crossmatch_nan_auto_antibodies;True;feature;latest
empfaenger_immunologie_antibody_screening__dtt_crossmatch_nan;antibody_screening__dtt_crossmatch_nan_enter_date;True;metadata;latest
empfaenger_immunologie_antibody_screening__dtt_crossmatch_nan;antibody_screening__dtt_crossmatch_nan_non_cytotoxic_antibodies;False;feature
empfaenger_immunologie_antibody_screening__dtt_crossmatch_nan;antibody_screening__dtt_crossmatch_nan_pra_percent;True;feature;keep
empfaenger_immunologie_antibody_screening__dtt_crossmatch_nan;antibody_screening__dtt_crossmatch_nan_sampling_date;True;metadata;latest
empfaenger_immunologie_antibody_screening__dtt_crossmatch_nan;antibody_screening__dtt_crossmatch_nan_screening;True;metadata;latest
empfaenger_immunologie_antibody_screening__dtt_crossmatch_nan;antibody_screening__dtt_crossmatch_nan_specificities;True;feature;latest
empfaenger_immunologie_antibody_screening__dtt_crossmatch_no;antibody_screening__dtt_crossmatch_no_auto_antibodies;True;feature;latest
empfaenger_immunologie_antibody_screening__dtt_crossmatch_no;antibody_screening__dtt_crossmatch_no_enter_date;True;metadata;latest
empfaenger_immunologie_antibody_screening__dtt_crossmatch_no;antibody_screening__dtt_crossmatch_no_non_cytotoxic_antibodies;True;feature;latest
empfaenger_immunologie_antibody_screening__dtt_crossmatch_no;antibody_screening__dtt_crossmatch_no_pra_percent;True;feature;keep
empfaenger_immunologie_antibody_screening__dtt_crossmatch_no;antibody_screening__dtt_crossmatch_no_sampling_date;True;metadata;latest
empfaenger_immunologie_antibody_screening__dtt_crossmatch_no;antibody_screening__dtt_crossmatch_no_screening;True;metadata;latest
empfaenger_immunologie_antibody_screening__dtt_crossmatch_no;antibody_screening__dtt_crossmatch_no_specificities;True;feature;latest
empfaenger_immunologie_antibody_screening__dtt_crossmatch_yes;antibody_screening__dtt_crossmatch_yes_auto_antibodies;True;feature;latest
empfaenger_immunologie_antibody_screening__dtt_crossmatch_yes;antibody_screening__dtt_crossmatch_yes_enter_date;True;metadata;latest
empfaenger_immunologie_antibody_screening__dtt_crossmatch_yes;antibody_screening__dtt_crossmatch_yes_non_cytotoxic_antibodies;False;feature;latest
empfaenger_immunologie_antibody_screening__dtt_crossmatch_yes;antibody_screening__dtt_crossmatch_yes_pra_percent;True;feature;keep
empfaenger_immunologie_antibody_screening__dtt_crossmatch_yes;antibody_screening__dtt_crossmatch_yes_sampling_date;True;metadata;latest
empfaenger_immunologie_antibody_screening__dtt_crossmatch_yes;antibody_screening__dtt_crossmatch_yes_screening;True;metadata;latest
empfaenger_immunologie_antibody_screening__dtt_crossmatch_yes;antibody_screening__dtt_crossmatch_yes_specificities;True;feature;latest
empfaenger_immunologie_hla_typing;hla_typing_enter_date;False;metadata;
empfaenger_immunologie_hla_typing;hla_typing_hla_phenotyping;False;feature;
empfaenger_immunologie_hla_typing;hla_typing_sampling_date;False;metadata;
empfaenger_immunologie_unacceptable_test;unacceptable_test_antigens_unacceptable;False;feature;
empfaenger_immunologie_unacceptable_test;unacceptable_test_donor_freq_etkas;False;feature;
empfaenger_immunologie_unacceptable_test;unacceptable_test_donor_freq_het;False;feature;
empfaenger_immunologie_unacceptable_test;unacceptable_test_enter_date;False;metadata;
empfaenger_immunologie_unacceptable_test;unacceptable_test_sampling_date;False;metadata;
empfaenger_immunologie_unacceptable_test;unacceptable_test_vpra_percent;False;feature;
empfaenger_virologie;cytomegalovirus_igg;False;feature;
empfaenger_virologie;cytomegalovirus_igm;False;feature;
empfaenger_virologie;enter_date;False;metadata;
empfaenger_virologie;epstein_barr_virus_igg;False;feature;
empfaenger_virologie;hepatitis_b_core_antibodies;False;feature;
empfaenger_virologie;hepatitis_b_immunized;False;feature;
empfaenger_virologie;hepatitis_b_surface_antibodies;False;feature;
empfaenger_virologie;hepatitis_b_surface_antigens;False;feature;
empfaenger_virologie;hepatitis_c_antibodies;False;feature;
empfaenger_virologie;hiv_antibodies;False;feature;
empfaenger_virologie;hiv_antigens;False;feature;
empfaenger_virologie;sampling_date;False;metadata;
empfaenger_virologie;syphilis;False;feature;
empfaenger_virologie;toxoplasmosis;False;feature;
followup_niere;acute_rejection;True;followup;keep
followup_niere;acute_rejection_date;True;followup;keep
followup_niere;acute_rejections_count;True;followup;keep
followup_niere;arterial_clot;False;followup;
followup_niere;artery_thrombosis;False;followup;
followup_niere;bleeding;False;followup;
followup_niere;blind_trial;True;followup;keep
followup_niere;cerebrovascular_problem;False;followup;
followup_niere;changed_immunosuppression;True;followup;keep
followup_niere;changed_immunosuppression_reason;True;followup;keep
followup_niere;chronic_hepatitis;False;followup;
followup_niere;chronic_obstructive_lung_disease;False;followup;
followup_niere;chronic_rejection;True;followup;keep
followup_niere;coronary_artery_disease;False;followup;
followup_niere;creatinine_umol_per_l;True;followup;keep
followup_niere;creatinine_unknown;False;followup;
followup_niere;date;True;followup;keep
followup_niere;death_date;True;followup;keep
followup_niere;death_reason;True;followup;keep
followup_niere;dehiscence;False;followup;
followup_niere;diabetes;False;followup;
followup_niere;dialysis;False;followup;
followup_niere;dialysis_after_operation_count;False;followup;
followup_niere;discharge_serum_creatinine_mg_per_dl;True;followup;max
followup_niere;discharge_weight_kg;False;followup;
followup_niere;duration_years;True;followup;keep
followup_niere;followup_type;True;followup;keep
followup_niere;graft_failure;True;followup;keep
followup_niere;graft_failure_date;True;followup;keep
followup_niere;graft_failure_reason;True;followup;keep
followup_niere;graft_function;False;followup;
followup_niere;graft_function_delayed;False;followup;
followup_niere;height_cm;True;followup;keep
followup_niere;hospitilization_date;False;followup;
followup_niere;hypertension;False;followup;
followup_niere;induction_therapy;False;followup;
followup_niere;last_dialysis_date;False;followup;
followup_niere;lymphocele;False;followup;
followup_niere;malgin;True;followup;keep
followup_niere;other_complications;False;followup;
followup_niere;other_diseases;False;followup;
followup_niere;other_transplant_diseases;True;followup;keep
followup_niere;patient_died;True;followup;keep
followup_niere;rejection;True;followup;keep
followup_niere;rejections_count;False;followup;
followup_niere;survey_type;True;followup;keep
followup_niere;treated_chronic_rejection;True;followup;keep
followup_niere;treated_chronic_rejections_count;True;followup;keep
followup_niere;trial_immunosuppressants;False;followup;
followup_niere;urine_leakage;False;followup;
followup_niere;vein_thrombosis;False;followup;
followup_niere;weight_kg;True;followup;keep
followup_niere;work_ability;False;followup;
followup_niere;wound_infection_present;False;followup;
followup_niere;wound_infection_type;False;followup;
followup_niere_medikation;date;True;followup;keep
followup_niere_medikation;immunosuppressant;True;followup;keep
followup_niere_medikation;immunosuppressant_details;True;followup;keep
organ_entnahme_niere;any_problems;False;feature;
organ_entnahme_niere;arterial_problems;False;feature;
organ_entnahme_niere;artery_patch;False;feature;
organ_entnahme_niere;backtable_flush;False;feature;
organ_entnahme_niere;backtable_flush_solution;False;feature;
organ_entnahme_niere;backtable_flush_solution_ml;False;feature;
organ_entnahme_niere;biopsy;False;metadata;
organ_entnahme_niere;cold_ischemia_time_min;False;feature;
organ_entnahme_niere;comment;False;metadata;
organ_entnahme_niere;crossclamp_date;False;feature;
organ_entnahme_niere;enbloc;False;feature;
organ_entnahme_niere;eval_date;False;metadata;
organ_entnahme_niere;eval_quality_organ;False;feature;
organ_entnahme_niere;heparin_date;False;feature;
organ_entnahme_niere;heparin_iu;False;feature;
organ_entnahme_niere;nephrectomy_date;False;feature;
organ_entnahme_niere;number_arteries;False;feature;
organ_entnahme_niere;number_bags;False;feature;
organ_entnahme_niere;number_ureter;False;feature;
organ_entnahme_niere;number_vein;False;feature;
organ_entnahme_niere;organ_quality;False;feature;
organ_entnahme_niere;perfusion_automatic;False;feature;
organ_entnahme_niere;perfusion_coldstart_date;False;feature;
organ_entnahme_niere;perfusion_quality;False;feature;
organ_entnahme_niere;perfusion_solution;False;feature;
organ_entnahme_niere;perfusion_volume_ml;False;feature;
organ_entnahme_niere;quality_assurance_organ_fozen;False;feature;
organ_entnahme_niere;quality_assurance_packaging_leaking;False;feature;
organ_entnahme_niere;quality_assurance_packaging_level;False;feature;
organ_entnahme_niere;quality_parenchyma;False;feature;
organ_entnahme_niere;reason_unusable;False;feature;
organ_entnahme_niere;removal_date;False;feature;
organ_entnahme_niere;reperfusion_color;False;feature;
organ_entnahme_niere;stitches_date;False;feature;
organ_entnahme_niere;transplant_organ;False;feature;
organ_entnahme_niere;ureter_length;False;feature;
organ_entnahme_niere;ureter_problems;False;feature;
organ_entnahme_niere;urine_production;False;feature;
organ_entnahme_niere;vein_patch;False;feature;
organ_entnahme_niere;vein_problems;False;feature;
organ_entnahme_niere;warm_ischemia_time_min;False;feature;
organ_entnahme_niere;warm_ischemia_time_second_min;False;feature;
spender_postmortem;abroad_visit;False;feature;
spender_postmortem;age;False;feature;
spender_postmortem;alcohol_abuse;False;feature;
spender_postmortem;alcohol_abuse_start_date;False;feature;
spender_postmortem;alcohol_consumption;False;feature;
spender_postmortem;ambulant_treatment;False;feature;
spender_postmortem;anamnesis_by;False;feature;
spender_postmortem;anamnesis_date;False;feature;
spender_postmortem;anamnesis_type;False;metadata;
spender_postmortem;autoimmune_disease;False;feature;
spender_postmortem;birthdate;False;feature;
spender_postmortem;bites;False;feature;
spender_postmortem;bleeding;False;feature;
spender_postmortem;blood_donations_excluded;False;feature;
spender_postmortem;blood_transfusions;False;feature;
spender_postmortem;bloodgroup;False;feature;
spender_postmortem;brain_death_date;False;feature;
spender_postmortem;cardiac_arrest;False;feature;
spender_postmortem;cardiac_arrest_duration_min;False;feature;
spender_postmortem;collection_date;False;metadata;
spender_postmortem;colon_malignancy;False;feature;
spender_postmortem;colon_state;False;feature;
spender_postmortem;coordination_date;False;feature;
spender_postmortem;coronary_artery_disease;False;feature;
spender_postmortem;criminal_history;False;feature;
spender_postmortem;death_reason;False;feature;
spender_postmortem;diabetes_dso;False;feature;
spender_postmortem;diabetes_start_date;False;feature;
spender_postmortem;diabetes_type;False;feature;
spender_postmortem;diarrhea;False;feature;
spender_postmortem;disease_pre_operations;False;feature;
spender_postmortem;doctor_date;False;feature;
spender_postmortem;donor_abroad;False;feature;
spender_postmortem;donor_status;False;feature;
spender_postmortem;donor_type;False;feature;
spender_postmortem;donor_type_iqtig;False;feature;
spender_postmortem;drug_abuse;False;feature;
spender_postmortem;drug_use;False;feature;
spender_postmortem;fever;False;feature;
spender_postmortem;frequent_sex_partner_change;False;feature;
spender_postmortem;gynacologic_malignancy;False;feature;
spender_postmortem;headaches;False;feature;
spender_postmortem;heart_disease;False;feature;
spender_postmortem;heart_state;False;feature;
spender_postmortem;height_cm;False;feature;
spender_postmortem;hematologic_disease;False;feature;
spender_postmortem;hepatitis;False;feature;
spender_postmortem;high_risk;False;feature;
spender_postmortem;hiv_high_risk_visit;False;feature;
spender_postmortem;hospitalization_date;False;feature;
spender_postmortem;hypertension;False;feature;
spender_postmortem;hypertension_start_date;False;feature;
spender_postmortem;hypertension_treated;False;feature;
spender_postmortem;hypotensive_episode;False;feature;
spender_postmortem;hypotensive_episode_duration_min;False;feature;
spender_postmortem;infectious_diseases;False;feature;
spender_postmortem;injection;False;feature;
spender_postmortem;intensive_care_start_date;False;feature;
spender_postmortem;interviewer;False;feature;
spender_postmortem;kidney_left_status;False;feature;
spender_postmortem;kidney_right_status;False;feature;
spender_postmortem;last_reanimation_date;False;feature;
spender_postmortem;law_colon_allowed;False;feature;
spender_postmortem;law_decision_date;False;feature;
spender_postmortem;law_heart_allowed;False;feature;
spender_postmortem;law_kidney_left_allowed;False;feature;
spender_postmortem;law_kidney_right_allowed;False;feature;
spender_postmortem;law_liver_allowed;False;feature;
spender_postmortem;law_lung_left_allowed;False;feature;
spender_postmortem;law_pancreas_allowed;False;feature;
spender_postmortem;liver_left_split_status;False;feature;
spender_postmortem;liver_right_split_status;False;feature;
spender_postmortem;liver_status;False;feature;
spender_postmortem;lung_left_status;False;feature;
spender_postmortem;lung_right_status;False;feature;
spender_postmortem;lymph_nodes_swollen;False;feature;
spender_postmortem;male_homosexual_activity;False;feature;
spender_postmortem;malignancy;False;feature;
spender_postmortem;malignancy_details;False;feature;
spender_postmortem;mamma_malginity;False;feature;
spender_postmortem;medication;False;feature;
spender_postmortem;melanom_malignancy;False;feature;
spender_postmortem;mother_hiv_positive;False;feature;
spender_postmortem;mrsa;False;feature;
spender_postmortem;nationality;False;feature;
spender_postmortem;neurologic_disease;False;feature;
spender_postmortem;night_sweats;False;feature;
spender_postmortem;organ_removal_date;False;feature;
spender_postmortem;other_diseases;False;feature;
spender_postmortem;other_diseases_reason_unknown;False;feature;
spender_postmortem;other_infectious_diseases;False;feature;
spender_postmortem;other_malignancy;False;feature;
spender_postmortem;pain_medication;False;feature;
spender_postmortem;pancreas_state;False;feature;
spender_postmortem;pre_operation;False;feature;
spender_postmortem;prosecutor_colon_allowed;False;feature;
spender_postmortem;prosecutor_decision_date;False;feature;
spender_postmortem;prosecutor_heart_allowed;False;feature;
spender_postmortem;prosecutor_kidney_left_allowed;False;feature;
spender_postmortem;prosecutor_kidney_right_allowed;False;feature;
spender_postmortem;prosecutor_liver_allowed;False;feature;
spender_postmortem;prosecutor_lung_left_allowed;False;feature;
spender_postmortem;prosecutor_pancreas_allowed;False;feature;
spender_postmortem;prostate_malignancy;False;feature;
spender_postmortem;prostitution;False;feature;
spender_postmortem;reanimation_cpimnt;False;feature;
spender_postmortem;reanimation_duration_min;False;feature;
spender_postmortem;received_human_clotting;False;feature;
spender_postmortem;recent_abnormalities;False;feature;
spender_postmortem;registry_date;False;feature;
spender_postmortem;relative_blood_donor;False;feature;
spender_postmortem;rhesus_factor;False;feature;
spender_postmortem;sex;False;feature;
spender_postmortem;sex_partner_stds;False;feature;
spender_postmortem;smoker;False;feature;
spender_postmortem;smoker_pack_years;False;feature;
spender_postmortem;smoking_amount;False;feature;
spender_postmortem;stationary_treatment;False;feature;
spender_postmortem;stds;False;feature;
spender_postmortem;tattoo_piercings;False;feature;
spender_postmortem;tattoo_piercings_sterile;False;feature;
spender_postmortem;treated_by_doctor;False;feature;
spender_postmortem;treated_diabetes;False;feature;
spender_postmortem;tubercolosis;False;feature;
spender_postmortem;type_cadaver;False;feature;
spender_postmortem;urine_catheter_start_date;False;feature;
spender_postmortem;vaccinated;False;feature;
spender_postmortem;ventilation_duration_hours;False;feature;
spender_postmortem;ventilation_start_date;False;feature;
spender_postmortem;weight_kg;False;feature;
spender_postmortem;weight_reduction;False;feature;
spender_postmortem_diagnosen;brain_damage_localisation_death;False;feature;
spender_postmortem_diagnosen;brain_damage_type;True;feature;latest
spender_postmortem_diagnosen;brain_damage_type_death;False;feature;
spender_postmortem_diagnosen;colon_excluded;False;feature;
spender_postmortem_diagnosen;communication_date;True;metadata;latest
spender_postmortem_diagnosen;death_date;False;feature;
spender_postmortem_diagnosen;death_disease_end_date;False;feature;
spender_postmortem_diagnosen;death_disease_start_date;False;feature;
spender_postmortem_diagnosen;death_reason_et;False;feature;
spender_postmortem_diagnosen;death_reason_icd_code_additional_dso;False;feature;
spender_postmortem_diagnosen;death_reason_icd_code_dso;False;feature;
spender_postmortem_diagnosen;death_reason_icd_code_et;False;feature;
spender_postmortem_diagnosen;death_reason_dso;False;feature;
spender_postmortem_diagnosen;death_reason_icd_et;False;feature;
spender_postmortem_diagnosen;death_type;True;feature;latest
spender_postmortem_diagnosen;death_type_final_diagnosis;False;feature;
spender_postmortem_diagnosen;diagnosis;True;feature;keep
spender_postmortem_diagnosen;diagnosis_additional;True;metadata;keep
spender_postmortem_diagnosen;diagnosis_code;True;feature;keep
spender_postmortem_diagnosen;diagnosis_code_additional;True;feature;keep
spender_postmortem_diagnosen;diagnosis_type;True;metadata;keep
spender_postmortem_diagnosen;disease_end_date;True;metadata;keep
spender_postmortem_diagnosen;disease_start_date;True;feature;min
spender_postmortem_diagnosen;heart_excluded;False;feature;
spender_postmortem_diagnosen;kidney_left_excluded;False;feature;
spender_postmortem_diagnosen;kidney_right_excluded;False;feature;
spender_postmortem_diagnosen;liver_excluded;False;feature;
spender_postmortem_diagnosen;lung_left_excluded;False;feature;
spender_postmortem_diagnosen;lung_right_excluded;False;feature;
spender_postmortem_diagnosen;pancreas_excluded;False;feature;
spender_postmortem_diagnosen;treated;True;feature;keep
spender_postmortem_labor_blutgase;communicated_date;True;metadata;keep
spender_postmortem_labor_blutgase;examination_date;True;metadata;keep
spender_postmortem_labor_blutgase;excess_mmol_per_l;True;feature;latest
spender_postmortem_labor_blutgase;excess_o2_o2_100_mmol_per_l;True;feature;latest
spender_postmortem_labor_blutgase;hco3_mmol_per_l;True;feature;latest
spender_postmortem_labor_blutgase;hco3_o2_100_mmol_per_l;True;feature;latest
spender_postmortem_labor_blutgase;o2_percent;True;feature;latest
spender_postmortem_labor_blutgase;o2_saturation_o2_100_percent;True;feature;latest
spender_postmortem_labor_blutgase;o2_saturation_percent;True;feature;latest
spender_postmortem_labor_blutgase;p_co2_mm_hg;True;feature;latest
spender_postmortem_labor_blutgase;p_co2_o2_100_mm_hg;True;feature;latest
spender_postmortem_labor_blutgase;blood_ph;True;feature;latest
spender_postmortem_labor_blutgase;p_h_o2_100;True;feature;latest
spender_postmortem_labor_blutgase;p_o2_mm_hg;True;feature;latest
spender_postmortem_labor_blutgase;p_o2_o2_100_mm_hg;True;feature;latest
spender_postmortem_labor_blutgase;peep_cm_h2o;True;feature;latest
spender_postmortem_labor_blutgase;result_date;True;metadata;latest
spender_postmortem_labor_blutgase;sample_tissue;True;metadata;latest
spender_postmortem_labor_blutgase;sampling_date;True;metadata;latest
spender_postmortem_labor_blutgruppe;antibodies;True;feature;latest
spender_postmortem_labor_blutgruppe;bloodgroup;True;feature;latest
spender_postmortem_labor_blutgruppe;communicated_date;True;metadata;latest
spender_postmortem_labor_blutgruppe;examination_date;True;metadata;latest
spender_postmortem_labor_blutgruppe;result_date;True;metadata;latest
spender_postmortem_labor_blutgruppe;rhesus;True;feature;latest
spender_postmortem_labor_blutgruppe;sample_tissue;True;metadata;latest
spender_postmortem_labor_blutgruppe;sampling_date;True;metadata;latest
spender_postmortem_labor_blutgruppe;sampling_type;True;metadata;latest
spender_postmortem_labor_crossmatch;b_cell_match;True;feature;latest
spender_postmortem_labor_crossmatch;b_cell_match_e;False;feature;
spender_postmortem_labor_crossmatch;b_cell_match_h;True;feature;latest
spender_postmortem_labor_crossmatch;crossmatch_program;True;feature;keep
spender_postmortem_labor_crossmatch;date_e;False;metadata;
spender_postmortem_labor_crossmatch;date_h;True;metadata;keep
spender_postmortem_labor_crossmatch;date_s;True;metadata;keep
spender_postmortem_labor_crossmatch;esp_match;True;metadata;keep
spender_postmortem_labor_crossmatch;exam_date;True;metadata;keep
spender_postmortem_labor_crossmatch;igg_match;True;feature;latest
spender_postmortem_labor_crossmatch;igg_match_e;False;feature;
spender_postmortem_labor_crossmatch;igg_match_h;True;feature;latest
spender_postmortem_labor_crossmatch;igm_match;True;feature;latest
spender_postmortem_labor_crossmatch;igm_match_h;True;feature;latest
spender_postmortem_labor_crossmatch;match_dso_running_number;True;metadata;keep
spender_postmortem_labor_crossmatch;match_rank;True;metadata;keep
spender_postmortem_labor_crossmatch;match_running_id;True;feature;keep
spender_postmortem_labor_crossmatch;result;True;feature;latest
spender_postmortem_labor_crossmatch;result_date;True;metadata;keep
spender_postmortem_labor_crossmatch;t_cell_match;True;feature;latest
spender_postmortem_labor_crossmatch;t_cell_match_e;False;feature;
spender_postmortem_labor_crossmatch;t_cell_match_h;True;feature;latest
spender_postmortem_labor_crossmatch;target_region;True;metadata;keep
spender_postmortem_labor_hla;antigens;False;feature;
spender_postmortem_labor_hla;enter_date;False;metadata;
spender_postmortem_labor_hla;sampling_tissue_imprecise;False;metadata;
spender_postmortem_labor_hla;sso_ssp;False;feature;
spender_postmortem_labor_klinische_chemie;alanine_transaminase_u_per_l;True;feature;latest
spender_postmortem_labor_klinische_chemie;albumin_g_per_l;True;feature;latest
spender_postmortem_labor_klinische_chemie;alkaline_phosphatase_u_per_l;True;feature;latest
spender_postmortem_labor_klinische_chemie;amylase_u_per_l;True;feature;latest
spender_postmortem_labor_klinische_chemie;antithrombin_3_percent;True;feature;latest
spender_postmortem_labor_klinische_chemie;bilirubin_all_umol_per_l;True;feature;latest
spender_postmortem_labor_klinische_chemie;bilirubin_direct_umol_per_l;True;feature;latest
spender_postmortem_labor_klinische_chemie;c_reactive_protein_mg_per_l;True;feature;latest
spender_postmortem_labor_klinische_chemie;calcium_mmol_per_l;True;feature;latest
spender_postmortem_labor_klinische_chemie;chloride_mmol_per_l;True;feature;latest
spender_postmortem_labor_klinische_chemie;cholinesterase_u_per_l;True;feature;latest
spender_postmortem_labor_klinische_chemie;communicated_date;True;metadata;latest
spender_postmortem_labor_klinische_chemie;creatinine_clearance_ml_per_min;True;feature;latest
spender_postmortem_labor_klinische_chemie;creatinine_umol_per_l;True;feature;latest
spender_postmortem_labor_klinische_chemie;creatine_kinase_mb_u_per_l;True;feature;latest
spender_postmortem_labor_klinische_chemie;creatine_kinase_u_per_l;True;feature;latest
spender_postmortem_labor_klinische_chemie;erythrocytes_t_per_l;True;feature;latest
spender_postmortem_labor_klinische_chemie;examination_date;True;metadata;latest
spender_postmortem_labor_klinische_chemie;fibrinogen_g_per_l;True;feature;latest
spender_postmortem_labor_klinische_chemie;gamma_glutamyltransferase_u_per_l;True;feature;latest
spender_postmortem_labor_klinische_chemie;glucose_mmol_per_l;True;feature;latest
spender_postmortem_labor_klinische_chemie;glutamate_dehydrogenase_u_per_l;True;feature;latest
spender_postmortem_labor_klinische_chemie;glutamic_oxaloacetic_transaminase_u_per_l;True;feature;latest
spender_postmortem_labor_klinische_chemie;glycated_hemoglobin_percent;True;feature;latest
spender_postmortem_labor_klinische_chemie;hematocrit_percent;True;feature;latest
spender_postmortem_labor_klinische_chemie;hemoglobin_g_per_dl;True;feature;latest
spender_postmortem_labor_klinische_chemie;international_normalized_ratio;True;feature;latest
spender_postmortem_labor_klinische_chemie;lactate_dehydrogenase_u_per_l;True;feature;latest
spender_postmortem_labor_klinische_chemie;lactate_mmol_per_l;True;feature;latest
spender_postmortem_labor_klinische_chemie;leukocytes_g_per_l;True;feature;latest
spender_postmortem_labor_klinische_chemie;lipase_u_per_l;True;feature;latest
spender_postmortem_labor_klinische_chemie;partial_thromboplastin_time_sec;True;feature;latest
spender_postmortem_labor_klinische_chemie;phosphate_mmol_per_l;True;feature;latest
spender_postmortem_labor_klinische_chemie;potassium_mmol_per_l;True;feature;latest
spender_postmortem_labor_klinische_chemie;procalcitonin_ng_per_ml;True;feature;latest
spender_postmortem_labor_klinische_chemie;prothrombin_time_sec;True;feature;latest
spender_postmortem_labor_klinische_chemie;quick_percent;True;feature;latest
spender_postmortem_labor_klinische_chemie;result_date;True;metadata;latest
spender_postmortem_labor_klinische_chemie;sampling_date;True;metadata;latest
spender_postmortem_labor_klinische_chemie;sodium_mmol_per_l;True;feature;latest
spender_postmortem_labor_klinische_chemie;thrombocytes_g_per_l;True;feature;latest
spender_postmortem_labor_klinische_chemie;tissue;True;metadata;latest
spender_postmortem_labor_klinische_chemie;total_protein_g_per_l;True;feature;latest
spender_postmortem_labor_klinische_chemie;troponin_1_ug_per_l;True;feature;latest
spender_postmortem_labor_klinische_chemie;troponin_t_ug_per_l;True;feature;latest
spender_postmortem_labor_klinische_chemie;troponin_ug_per_l;True;feature;latest
spender_postmortem_labor_klinische_chemie;urea_mmol_per_l;True;feature;latest
spender_postmortem_labor_mikrobiologie;ab_resistant;True;feature;latest
spender_postmortem_labor_mikrobiologie;communicated_date;True;metadata;latest
spender_postmortem_labor_mikrobiologie;exam_type;True;metadata;latest
spender_postmortem_labor_mikrobiologie;examination_date;True;metadata;latest
spender_postmortem_labor_mikrobiologie;pathogen_1;True;feature;latest
spender_postmortem_labor_mikrobiologie;pathogen_2;True;feature;latest
spender_postmortem_labor_mikrobiologie;pathogen_3;True;feature;latest
spender_postmortem_labor_mikrobiologie;pathogen_present;True;feature;latest
spender_postmortem_labor_mikrobiologie;result_date;True;metadata;latest
spender_postmortem_labor_mikrobiologie;sampling_date;True;metadata;latest
spender_postmortem_labor_mikrobiologie;sampling_tissue;True;metadata;latest
spender_postmortem_labor_mikrobiologie;taking_antibiotics;True;feature;latest
spender_postmortem_labor_mikrobiologie;test_comment;True;feature;keep
spender_postmortem_labor_mikrobiologie;text_pathogen_count;True;feature;keep
spender_postmortem_labor_pathologie;comment;True;metadata;keep
spender_postmortem_labor_pathologie;communicated_date;True;metadata;latest
spender_postmortem_labor_pathologie;examed_location;True;metadata;latest
spender_postmortem_labor_pathologie;examination_date;True;metadata;latest
spender_postmortem_labor_pathologie;organ;True;feature;keep
spender_postmortem_labor_pathologie;quality;True;feature;keep
spender_postmortem_labor_pathologie;result_date;True;metadata;keep
spender_postmortem_labor_pathologie;sampling_date;True;metadata;keep
spender_postmortem_labor_pathologie;sampling_tissue;True;metadata;keep
spender_postmortem_labor_toxikologie;abs_test;True;feature;latest
spender_postmortem_labor_toxikologie;ads_test;True;feature;latest
spender_postmortem_labor_toxikologie;ams_test;True;feature;latest
spender_postmortem_labor_toxikologie;bds_test;True;feature;latest
spender_postmortem_labor_toxikologie;bdu_test;True;feature;latest
spender_postmortem_labor_toxikologie;bts_test;True;feature;latest
spender_postmortem_labor_toxikologie;btu_test;True;feature;latest
spender_postmortem_labor_toxikologie;communicated_date;True;metadata;latest
spender_postmortem_labor_toxikologie;dss_test;True;feature;latest
spender_postmortem_labor_toxikologie;examination_date;True;metadata;latest
spender_postmortem_labor_toxikologie;ops_test;True;feature;latest
spender_postmortem_labor_toxikologie;opu_test;False;feature
spender_postmortem_labor_toxikologie;result_date;True;metadata;latest
spender_postmortem_labor_toxikologie;sampling_date;True;metadata;latest
spender_postmortem_labor_toxikologie;sampling_tissue;True;metadata;latest
spender_postmortem_labor_urin;bacteria_in_urine;True;feature;latest
spender_postmortem_labor_urin;communicated_date;True;metadata;latest
spender_postmortem_labor_urin;epithelium_in_urine;True;feature;latest
spender_postmortem_labor_urin;erythocytes_in_urine;True;feature;latest
spender_postmortem_labor_urin;examination_date;True;metadata;latest
spender_postmortem_labor_urin;glucose_in_urine;True;feature;latest
spender_postmortem_labor_urin;hemoglobin_in_urine;True;feature;latest
spender_postmortem_labor_urin;ketone_in_urine;True;feature;latest
spender_postmortem_labor_urin;leukocytes_in_urine;True;feature;latest
spender_postmortem_labor_urin;nitrite_in_urine;True;feature;latest
spender_postmortem_labor_urin;protein_in_urine;True;feature;latest
spender_postmortem_labor_urin;result_date;True;metadata;latest
spender_postmortem_labor_urin;sampling_date;True;metadata;latest
spender_postmortem_labor_urin;sampling_tissue;True;metadata;latest
spender_postmortem_labor_urin;urinary_sediment;True;feature;latest
spender_postmortem_labor_urin;urine_ph;True;feature;latest
spender_postmortem_labor_virologie;communicated_date;True;metadata;latest
spender_postmortem_labor_virologie;cytomegalovirus_igg;True;feature;latest
spender_postmortem_labor_virologie;cytomegalovirus_igm;True;feature;latest
spender_postmortem_labor_virologie;epstein_barr_virus_igg;True;feature;latest
spender_postmortem_labor_virologie;examination_date;True;metadata;latest
spender_postmortem_labor_virologie;hepatitis_b_core_antibodies;True;feature;latest
spender_postmortem_labor_virologie;hepatitis_b_core_igm;False;feature;
spender_postmortem_labor_virologie;hepatitis_b_dna;False;feature;
spender_postmortem_labor_virologie;hepatitis_b_surface_antibodies;True;feature;latest
spender_postmortem_labor_virologie;hepatitis_b_surface_antibodies_iu_per_l;True;feature;latest
spender_postmortem_labor_virologie;hepatitis_b_surface_antigens;True;feature;latest
spender_postmortem_labor_virologie;hepatitis_c_akr;True;feature;latest
spender_postmortem_labor_virologie;hepatitis_c_antibodies;True;feature;latest
spender_postmortem_labor_virologie;hepatitis_c_rna;False;feature;
spender_postmortem_labor_virologie;hiv_antibodies;True;feature;latest
spender_postmortem_labor_virologie;hiv_antibody_westernblot;False;feature;
spender_postmortem_labor_virologie;hiv_antigens;True;feature;latest
spender_postmortem_labor_virologie;hiv_rna1;False;feature;
spender_postmortem_labor_virologie;hiv_rna2;False;feature;
spender_postmortem_labor_virologie;meningitis;False;feature;
spender_postmortem_labor_virologie;result_date;True;metadata;latest
spender_postmortem_labor_virologie;sampling_date;True;metadata;latest
spender_postmortem_labor_virologie;sampling_tissue;True;metadata;latest
spender_postmortem_labor_virologie;sepsis;False;feature;
spender_postmortem_labor_virologie;syphilis;True;feature;latest
spender_postmortem_labor_virologie;toxoplasmosis;True;feature;latest
spender_postmortem_medikation;antibiotics_reason;True;feature;latest
spender_postmortem_medikation;antibiotics_text;True;feature;latest
spender_postmortem_medikation;backtable;False;feature;
spender_postmortem_medikation;bloodgroup;True;feature;latest
spender_postmortem_medikation;communicated_date;True;metadata;latest
spender_postmortem_medikation;dosage;True;metadata;keep
spender_postmortem_medikation;dosage_unit;True;metadata;keep
spender_postmortem_medikation;end_date;True;feature;max
spender_postmortem_medikation;medication_type;True;metadata;keep
spender_postmortem_medikation;name;True;metadata;keep
spender_postmortem_medikation;other_bloodproduct;True;metadata;keep
spender_postmortem_medikation;perfusion_location;True;metadata;keep
spender_postmortem_medikation;plasma_note;True;metadata;keep
spender_postmortem_medikation;start_date;True;feature;min
spender_postmortem_medikation;transfusion;True;metadata;keep
spender_postmortem_monitoring;cardiac_arrest_min;True;feature;latest
spender_postmortem_monitoring;central_venous_pressure_mm_hg;True;feature;latest
spender_postmortem_monitoring;communicated_date;True;metadata;keep
spender_postmortem_monitoring;date;True;metadata;keep
spender_postmortem_monitoring;diastolic_blood_pressure_mm_hg;True;feature;latest
spender_postmortem_monitoring;diastolic_min_blood_pressure_mm_hg;True;feature;latest
spender_postmortem_monitoring;diuresis_interval_h;True;feature;latest
spender_postmortem_monitoring;diuresis_last_hour_ml;True;feature;latest
spender_postmortem_monitoring;diuresis_ml;True;feature;latest
spender_postmortem_monitoring;heart_bpm;True;feature;latest
spender_postmortem_monitoring;hypertension_duration_min;True;feature;latest
spender_postmortem_monitoring;hypotension_duration_min;True;feature;latest
spender_postmortem_monitoring;left_apex_diaphragma_cm;True;feature;latest
spender_postmortem_monitoring;left_apex_left_cpa_cm;True;feature;latest
spender_postmortem_monitoring;peakpressure_cm_h2o;False;feature;
spender_postmortem_monitoring;right_apex_diaphragma_cm;True;feature;latest
spender_postmortem_monitoring;right_apex_right_cpa_cm;True;feature;latest
spender_postmortem_monitoring;right_cpa_left_cpa_cm;False;feature;
spender_postmortem_monitoring;steatosis_hepatis;False;feature;
spender_postmortem_monitoring;systolic_blood_pressure_mm_hg;True;feature;latest
spender_postmortem_monitoring;systolic_min_blood_pressure_mm_hg;True;feature;latest
spender_postmortem_monitoring;temp_deg_celsius;True;feature;latest
spender_postmortem_monitoring;thorax_circumference_cm;True;feature;latest
spender_postmortem_untersuchungen;communicated_date;True;metadata;keep
spender_postmortem_untersuchungen;examination_date;True;metadata;keep
spender_postmortem_untersuchungen;examination_date_et;True;metadata;keep
spender_postmortem_untersuchungen;examination_result;True;feature;keep
spender_postmortem_untersuchungen;examination_type;True;feature;keep
spender_postmortem_untersuchungen;result_date;True;metadata;keep
transplantation;aborted;True;followup;keep
transplantation;acceptable_mismatch_program;False;feature;
transplantation;admission_date;False;feature;
transplantation;assignment_program;False;feature;
transplantation;assignment_type;False;feature;
transplantation;cold_ischemia_time_min;True;feature;max
transplantation;creatinine_post_operation_umol_per_l;False;feature;
transplantation;date_explanation_of_failure;False;followup;
transplantation;destination;False;feature
transplantation;dialysis_count;True;feature;keep
transplantation;discharge_date;True;followup;keep
transplantation;discharge_reason_code;True;followup;keep
transplantation;failure_reason;False;followup;
transplantation;first_hour_urine_production_ml_per_hour;False;followup;
transplantation;hospitilization_date;True;feature;latest
transplantation;icd10;True;feature;keep
transplantation;immunosuppression_a;False;feature;keep
transplantation;immunosuppression_a_initial;False;feature;keep
transplantation;immunosuppression_b;False;feature;keep
transplantation;immunosuppression_b_initial;False;feature;keep
transplantation;immunosuppression_c;False;feature;keep
transplantation;immunosuppression_c_initial;False;feature;keep
transplantation;immunosuppression_d;False;feature;keep
transplantation;immunosuppression_d_initial;False;feature;keep
transplantation;implant_side;False;feature;keep
transplantation;kidney_cause_of_death;False;followup;
transplantation;kidney_function;True;followup;keep
transplantation;kidney_pancreas_bleeding;False;followup;
transplantation;kidney_pancreas_complications_general;False;followup;
transplantation;kidney_pancreas_complications_other;False;followup;
transplantation;kidney_pancreas_donor_compatible;False;feature;
transplantation;kidney_pancreas_operation_type;False;feature;
transplantation;kidney_rejection;True;followup;keep
transplantation;kidney_retransplant;True;followup;keep
transplantation;kidney_single_or_both;True;feature;latest
transplantation;last_followup_date;False;followup;
transplantation;lost_to_followup;False;followup;
transplantation;operation_date;True;metadata;latest
transplantation;ops_code;True;feature;keep
transplantation;organ;False;feature;
transplantation;pancreas_insulin_free;False;feature;
transplantation;pancreas_removal_necessary;False;feature;
transplantation;pancreatic_drainage;False;feature;
transplantation;post_operation_functional;False;followup;
transplantation;postop_organ_failure_date;False;followup;
transplantation;remaining_urine_production_ml_per_hour;False;followup;
transplantation;reoperation_kidney_pancreas;False;followup;
transplantation;urine_production_ml_per_hour;False;followup;
transplantation;vene_drainage;False;feature;
transplantation;waiting_state;False;feature;
transplantation;warm_ischemia_time_min;False;feature;
transplantation_postop_untersuchung;creatinine_mg_per_dl;True;followup;latest
transplantation_postop_untersuchung;examination_date;True;metadata;keep
warteliste_niere;acceptable_mismatch_program;False;feature;
warteliste_niere;admission_date;True;feature;latest
warteliste_niere;date;True;metadata;keep
warteliste_niere;dialysis;False;feature;
warteliste_niere;dialysis_start_date;True;feature;min
warteliste_niere;dialysis_type;True;feature;latest
warteliste_niere;in_maturation;False;feature;
warteliste_niere;in_maturation_detection_date;False;feature;
warteliste_niere;kidney_base_disease_icd;True;feature;keep
warteliste_niere;kidney_base_disease_icd_text;True;feature;keep
warteliste_niere;kidney_base_disease_number;True;feature;keep
warteliste_niere;kidney_base_disease_text;True;feature;keep
warteliste_niere;living_donor;False;metadata
warteliste_niere;number_of_any_transplants;False;feature;
warteliste_niere;poss_donor_domino;True;feature;latest
warteliste_niere;poss_donor_enbloc;True;feature;latest
warteliste_niere;poss_donor_esp;True;feature;latest
warteliste_niere;poss_donor_extended_allocation;True;feature;latest
warteliste_niere;poss_donor_hepatitis_b_core_antibodies;False;feature
warteliste_niere;poss_donor_hepatitis_b_surface_antigens;True;feature;latest
warteliste_niere;poss_donor_hepatitis_c_antibodies;False;feature;
warteliste_niere;poss_donor_malign_tumor;True;feature;latest
warteliste_niere;poss_donor_max_age;True;feature;latest
warteliste_niere;poss_donor_mengitis;True;feature;latest
warteliste_niere;poss_donor_min_age;True;feature;latest
warteliste_niere;poss_donor_sepsis;True;feature;latest
warteliste_niere;poss_donor_substance_abuse;True;feature;latest
warteliste_niere;pre_existing_disease;False;feature;
warteliste_niere;program;False;feature
warteliste_niere;rejection_no_capacity;False;feature;
warteliste_niere;waiting_state;True;feature;latest
warteliste_niere;waiting_state_full;True;feature;latest
warteliste_niere;waiting_state_reason;True;metadata;latest
